tp_uuid,tag_uuid,plyy_uuid,c_uuid
tp_985b107e-011e-4d4c-b063-8dbbf388d2fe,tag_b2bfc0c6-4e1c-4d07-a45c-0f52e733dc29,plyy_2f01c5df-fac1-499e-9cfd-4ce3b540ddfd,
tp_6faf71a4-e505-4b65-ad0a-459abc4d06a7,tag_c90450f4-8a4d-4464-b320-fcbf4a02967c,plyy_2f01c5df-fac1-499e-9cfd-4ce3b540ddfd,
tp_d36f0401-8c41-44db-b4ab-7c757da3927c,tag_ec7140d1-8757-4508-a195-2fad49d41e17,plyy_2a8cc702-67ee-4377-8310-cd9689b98c19,
tp_59225196-59bf-417a-b113-ca46a180aa6b,tag_347f1885-30e6-46b7-9b7c-30fb9057fee7,plyy_2a8cc702-67ee-4377-8310-cd9689b98c19,
tp_abf37a6a-1a0f-4c8c-ab8c-c9cbe8b9c723,tag_a2ca6da6-ec20-4de5-8454-bfdf4f871b15,plyy_2a8cc702-67ee-4377-8310-cd9689b98c19,
tp_7d9aa6e0-9e5d-4917-9f51-c4d5a8ac2ad6,tag_83e3c578-4c4c-433f-a26f-3b62bd75ffb5,plyy_ab9cf7fc-0319-4098-a9ca-6b0caee858d0,
tp_88fa732d-baa9-4c1a-a829-754f37371266,tag_f4102ad6-d479-4178-bcb5-84137fa405b2,plyy_ab9cf7fc-0319-4098-a9ca-6b0caee858d0,
tp_d88228f9-eed8-4bea-9fd3-55d66f6082d6,tag_253355e2-3ee9-41b9-9451-82bf4582af5f,plyy_ab9cf7fc-0319-4098-a9ca-6b0caee858d0,
tp_9390db73-b414-450f-bbb6-78f1bd278ff0,tag_20917dc9-f7b5-428e-9dda-b97789bb0631,plyy_ab9cf7fc-0319-4098-a9ca-6b0caee858d0,
tp_9183c3b0-8d93-4a76-83af-5db5ed9b0121,tag_e2d1d987-fb1f-4e73-8e25-9405a72cba71,,c_a1d1e40b-5867-47eb-aac6-fbc1a2acbdc4
tp_b8c5381c-7b62-49fb-ba06-2258eee4ae38,tag_4b6132c2-3447-4a4f-9f29-8a2224140c04,,c_a1d1e40b-5867-47eb-aac6-fbc1a2acbdc4
tp_d0c15064-c41d-4c07-84e0-df01abf98290,tag_c0b098f8-0e73-41f4-978e-0b84259899d6,,c_a1d1e40b-5867-47eb-aac6-fbc1a2acbdc4
tp_2f023acd-1d7f-42c7-a89a-8ce41067d5d8,tag_efb6c61a-3644-410b-92e3-32401fb765af,,c_0401890c-3fe2-4142-a74e-e81fee61a7aa
tp_6287c85c-d810-430c-bede-6dc8a0cd68e9,tag_089fbfb6-0fd4-417a-8e2c-7319301a0269,,c_0401890c-3fe2-4142-a74e-e81fee61a7aa
tp_762eb636-1b3d-480c-958e-c54a4c4e3c22,tag_2f0155df-fac1-499e-9cfd-4ce3b540ddfd,plyy_5559576d-87f5-44d5-8ec8-6907a2276472,
tp_8a0a3832-7610-4883-bc62-7a1b968ed1ba,tag_736346ab-81e8-41ae-83d8-b453344ab67e,plyy_5559576d-87f5-44d5-8ec8-6907a2276472,
tp_762eb636-1b3d-480c-958e-c54a4c4e3c22,tag_fbb8ea98-6096-4133-ad7a-7ba8312bb796,,c_2866e59a-fcc3-4ca8-a1ec-681feb9a0c26
tp_ff56b04a-2b1d-4b6b-9dbf-146f6fefc54b,tag_1ba368fa-2e41-4590-bc1d-3d2a96230e33,,c_2866e59a-fcc3-4ca8-a1ec-681feb9a0c26
tp_8a0a3832-7610-4883-bc62-7a1b968ed1ba,tag_0f0a0c97-6705-42b9-9979-3cedcf3448e1,,c_2866e59a-fcc3-4ca8-a1ec-681feb9a0c26
