tp_985b107e-011e-4d4c-b063-8dbbf388d2fe,tag_b2bfc0c6-4e1c-4d07-a45c-0f52e733dc29,plyy_2f01c5df-fac1-499e-9cfd-4ce3b540ddfd
tp_6faf71a4-e505-4b65-ad0a-459abc4d06a7,tag_c90450f4-8a4d-4464-b320-fcbf4a02967c,plyy_2f01c5df-fac1-499e-9cfd-4ce3b540ddfd
tp_d36f0401-8c41-44db-b4ab-7c757da3927c,tag_ec7140d1-8757-4508-a195-2fad49d41e17,plyy_2a8cc702-67ee-4377-8310-cd9689b98c19
tp_59225196-59bf-417a-b113-ca46a180aa6b,tag_347f1885-30e6-46b7-9b7c-30fb9057fee7,plyy_2a8cc702-67ee-4377-8310-cd9689b98c19
tp_abf37a6a-1a0f-4c8c-ab8c-c9cbe8b9c723,tag_a2ca6da6-ec20-4de5-8454-bfdf4f871b15,plyy_2a8cc702-67ee-4377-8310-cd9689b98c19
tp_7d9aa6e0-9e5d-4917-9f51-c4d5a8ac2ad6,tag_83e3c578-4c4c-433f-a26f-3b62bd75ffb5,plyy_ab9cf7fc-0319-4098-a9ca-6b0caee858d0
tp_88fa732d-baa9-4c1a-a829-754f37371266,tag_f4102ad6-d479-4178-bcb5-84137fa405b2,plyy_ab9cf7fc-0319-4098-a9ca-6b0caee858d0
tp_d88228f9-eed8-4bea-9fd3-55d66f6082d6,tag_253355e2-3ee9-41b9-9451-82bf4582af5f,plyy_ab9cf7fc-0319-4098-a9ca-6b0caee858d0
tp_9390db73-b414-450f-bbb6-78f1bd278ff0,tag_20917dc9-f7b5-428e-9dda-b97789bb0631,plyy_ab9cf7fc-0319-4098-a9ca-6b0caee858d0
tp_762eb636-1b3d-480c-958e-c54a4c4e3c22,tag_2f0155df-fac1-499e-9cfd-4ce3b540ddfd,plyy_5559576d-87f5-44d5-8ec8-6907a2276472
tp_8a0a3832-7610-4883-bc62-7a1b968ed1ba,tag_736346ab-81e8-41ae-83d8-b453344ab67e,plyy_5559576d-87f5-44d5-8ec8-6907a2276472
